"Series_Title,Genre,Overview,IMDB_Rating"
"The Shawshank Redemption,Drama,""Two imprisoned men bond over a number of years, finding solace and eventual redemption through acts of common decency."",9.3"
"The Godfather,Crime,Drama,""The aging patriarch of an organized crime dynasty transfers control of his clandestine empire to his reluctant son."",9.2"
"The Dark Knight,Action,Crime,Drama,""When the menace known as the Joker emerges from his mysterious past, he wreaks havoc and chaos on the people of Gotham."",9.0"
"Forrest Gump,Drama,Romance,""The presidencies of Kennedy and Johnson, the Vietnam War, and other historical events unfold from the perspective of an Alabama man with a low IQ."",8.8"
"Inception,Action,Adventure,Sci-Fi,""A thief who steals corporate secrets through dream-sharing technology is given the inverse task of planting an idea into the mind of a CEO."",8.8"
"Fight Club,Drama,""An insomniac office worker and a devil-may-care soap maker form an underground fight club that evolves into something much more."",8.8"
"The Matrix,Action,Sci-Fi,""A computer hacker learns from mysterious rebels about the true nature of his reality and his role in the war against its controllers."",8.7"
"Parasite,Drama,Thriller,""Greed and class discrimination threaten the newly formed symbiotic relationship between the wealthy Park family and the destitute Kim clan."",8.6"
"Interstellar,Adventure,Drama,Sci-Fi,""A team of explorers travel through a wormhole in space in an attempt to ensure humanity's survival."",8.6"
"Whiplash,Drama,Music,""A promising young drummer enrolls at a cut-throat music conservatory where his dreams of greatness are mentored by an instructor who will stop at nothing."",8.5"